{"cameraMode":{"drawMode":0,"name":"Shaded","section":"Shading Mode"},"sceneLighting":false,"audioPlay":false,"sceneViewState":{"showFog":true,"showMaterialUpdate":false,"showSkybox":false,"showFlares":true,"showImageEffects":true,"showParticleSystems":true},"in2DMode":false,"pivot":{"x":0.11151123046875,"y":1.68603515625,"z":0.141845703125},"rotation":{"x":0.2941621243953705,"y":-0.2662678062915802,"z":0.08569953590631485,"w":0.9139137864112854},"size":3.3151469230651857,"orthographic":true}