{"cameraMode":{"drawMode":0,"name":"Shaded","section":"Shading Mode"},"sceneLighting":false,"audioPlay":false,"sceneViewState":{"showFog":true,"showMaterialUpdate":false,"showSkybox":false,"showFlares":true,"showImageEffects":true,"showParticleSystems":true},"in2DMode":false,"pivot":{"x":0.6172263026237488,"y":-0.8232426047325134,"z":-0.42433372139930727},"rotation":{"x":0.15905213356018067,"y":0.09609409421682358,"z":-0.015566513873636723,"w":0.9824624061584473},"size":3.3062267303466799,"orthographic":true}