{"cameraMode":{"drawMode":0,"name":"Shaded","section":"Shading Mode"},"sceneLighting":false,"audioPlay":false,"sceneViewState":{"showFog":true,"showMaterialUpdate":false,"showSkybox":false,"showFlares":true,"showImageEffects":true,"showParticleSystems":true},"in2DMode":false,"pivot":{"x":1.4901161193847657e-8,"y":1.4901161193847657e-8,"z":0.0},"rotation":{"x":0.23364335298538209,"y":0.6408540606498718,"z":-0.21415172517299653,"w":0.6991828083992004},"size":0.5247193574905396,"orthographic":true}