{"cameraMode":{"drawMode":0,"name":"Shaded","section":"Shading Mode"},"sceneLighting":true,"audioPlay":false,"sceneViewState":{"showFog":true,"showMaterialUpdate":false,"showSkybox":true,"showFlares":true,"showImageEffects":true,"showParticleSystems":true},"in2DMode":false,"pivot":{"x":-26.131656646728517,"y":4.394303798675537,"z":-11.623990058898926},"rotation":{"x":-0.0023366245441138746,"y":0.8314763307571411,"z":-0.003126915078610182,"w":-0.5557211637496948},"size":11.542051315307618,"orthographic":false}