{"cameraMode":{"drawMode":2,"name":"Shaded Wireframe","section":"Shading Mode"},"sceneLighting":false,"audioPlay":false,"sceneViewState":{"showFog":true,"showMaterialUpdate":false,"showSkybox":false,"showFlares":true,"showImageEffects":true,"showParticleSystems":true},"in2DMode":false,"pivot":{"x":-1.8333277702331544,"y":-0.6064903736114502,"z":0.873776912689209},"rotation":{"x":-0.23490916192531587,"y":0.4778091609477997,"z":-0.13412797451019288,"w":-0.8358612060546875},"size":4.1478705406188969,"orthographic":false}