{"cameraMode":{"drawMode":0,"name":"Shaded","section":"Shading Mode"},"sceneLighting":false,"audioPlay":false,"sceneViewState":{"showFog":true,"showMaterialUpdate":false,"showSkybox":false,"showFlares":true,"showImageEffects":true,"showParticleSystems":true},"in2DMode":false,"pivot":{"x":1.0567667484283448,"y":-0.5965771675109863,"z":0.953730583190918},"rotation":{"x":0.2229285091161728,"y":0.2793290317058563,"z":-0.0669061690568924,"w":0.9315902590751648},"size":2.7774033546447756,"orthographic":false}