{"cameraMode":{"drawMode":0,"name":"Shaded","section":"Shading Mode"},"sceneLighting":false,"audioPlay":false,"sceneViewState":{"showFog":true,"showMaterialUpdate":false,"showSkybox":false,"showFlares":true,"showImageEffects":true,"showParticleSystems":true},"in2DMode":false,"pivot":{"x":0.0,"y":0.9020963311195374,"z":-0.050000011920928958},"rotation":{"x":0.2636231482028961,"y":0.03888397663831711,"z":-0.011366156861186028,"w":0.9638769626617432},"size":1.5825304985046387,"orthographic":true}