{"cameraMode":{"drawMode":0,"name":"Shaded","section":"Shading Mode"},"sceneLighting":false,"audioPlay":false,"sceneViewState":{"showFog":true,"showMaterialUpdate":false,"showSkybox":false,"showFlares":true,"showImageEffects":true,"showParticleSystems":true},"in2DMode":false,"pivot":{"x":0.24640274047851563,"y":0.2341117560863495,"z":0.12098193168640137},"rotation":{"x":0.09886159002780914,"y":0.16928744316101075,"z":0.017114417627453805,"w":-0.9804720282554627},"size":1.6856884956359864,"orthographic":false}