{"cameraMode":{"drawMode":0,"name":"Shaded","section":"Shading Mode"},"sceneLighting":false,"audioPlay":false,"sceneViewState":{"showFog":true,"showMaterialUpdate":false,"showSkybox":false,"showFlares":true,"showImageEffects":true,"showParticleSystems":true},"in2DMode":false,"pivot":{"x":1.05403470993042,"y":-1.4455701112747193,"z":0.6538879871368408},"rotation":{"x":0.1135384812951088,"y":0.49433282017707827,"z":-0.06539759784936905,"w":0.859376847743988},"size":2.1169567108154299,"orthographic":false}