{"cameraMode":{"drawMode":0,"name":"Shaded","section":"Shading Mode"},"sceneLighting":false,"audioPlay":false,"sceneViewState":{"showFog":true,"showMaterialUpdate":false,"showSkybox":false,"showFlares":true,"showImageEffects":true,"showParticleSystems":true},"in2DMode":false,"pivot":{"x":-0.5992321372032166,"y":-5.330010414123535,"z":-5.15199089050293},"rotation":{"x":0.07832565158605576,"y":-0.9216836094856262,"z":0.2685292661190033,"w":0.2688254415988922},"size":4.904448986053467,"orthographic":true}