{"cameraMode":{"drawMode":0,"name":"Shaded","section":"Shading Mode"},"sceneLighting":false,"audioPlay":false,"sceneViewState":{"showFog":true,"showMaterialUpdate":false,"showSkybox":false,"showFlares":true,"showImageEffects":true,"showParticleSystems":true},"in2DMode":false,"pivot":{"x":-0.10750000923871994,"y":-0.20000001788139344,"z":0.00041266530752182007},"rotation":{"x":0.16294096410274507,"y":0.727087140083313,"z":-0.18488003313541413,"w":0.6407957673072815},"size":0.3334333896636963,"orthographic":true}