{"cameraMode":{"drawMode":0,"name":"Shaded","section":"Shading Mode"},"sceneLighting":false,"audioPlay":false,"sceneViewState":{"showFog":true,"showMaterialUpdate":false,"showSkybox":false,"showFlares":true,"showImageEffects":true,"showParticleSystems":true},"in2DMode":false,"pivot":{"x":1.439227819442749,"y":-0.7195746898651123,"z":0.44852495193481448},"rotation":{"x":-0.22066856920719148,"y":-0.2986156940460205,"z":0.07122211903333664,"w":-0.925803542137146},"size":3.603116989135742,"orthographic":false}