{"cameraMode":{"drawMode":0,"name":"Shaded","section":"Shading Mode"},"sceneLighting":false,"audioPlay":false,"sceneViewState":{"showFog":true,"showMaterialUpdate":false,"showSkybox":false,"showFlares":true,"showImageEffects":true,"showParticleSystems":true},"in2DMode":false,"pivot":{"x":-0.019999980926513673,"y":0.9079999923706055,"z":-0.07805001735687256},"rotation":{"x":0.06366647034883499,"y":0.7873470187187195,"z":-0.08250003308057785,"w":0.6076628565788269},"size":1.1522152423858643,"orthographic":true}