{"cameraMode":{"drawMode":0,"name":"Shaded","section":"Shading Mode"},"sceneLighting":false,"audioPlay":false,"sceneViewState":{"showFog":true,"showMaterialUpdate":false,"showSkybox":false,"showFlares":true,"showImageEffects":true,"showParticleSystems":true},"in2DMode":false,"pivot":{"x":-0.029093539342284204,"y":0.012000800110399723,"z":-0.050263576209545138},"rotation":{"x":0.11221591383218765,"y":0.028912262991070749,"z":-0.00329349422827363,"w":0.9932690858840942},"size":0.2259392887353897,"orthographic":true}